TK1#78
01#Binua Yannick#binuamasudiyannick.111568@marwadiuniversity.ac.in
03#Jyot Joshi#jyot.joshi111671@marwadiuniversity.ac.in
05#Rakshit Nariya#rakshit.nariya112147@marwadiuniversity.ac.in
06#Nikhil Limbasiya#nikhilkumar.limbasiya112299@marwadiuniversity.ac.in
07#Aniket Solanki#aniket.solanki112309@marwadiuniversity.ac.in
08#Ridhhi Jallu#riddhi.jalu112453@marwadiuniversity.ac.in
09#Sahil Patel#sahil.patel112499@marwadiuniversity.ac.in
10#Hitesh Jethva#hitesh.jethava112656@marwadiuniversity.ac.in
11#Chandani Bhadaraka#chandni.bhadarka112911@marwadiuniversity.ac.in
12#Arshdeep Makhecha#arshdeepsingh.makhija112974@marwadiuniversity.ac.in
13#Jefin Chacko#jefin.kadamthodu113135@marwadiuniversity.ac.in
14#Ajay Rank#ajay.rank115019@marwadiuniversity.ac.in
15#Bhavin Zala#bhavin.zala113286@marwadiuniversity.ac.in
16#Vivek Patel#vivek.patel113367@marwadiuniversity.ac.in
17#Dhruv Vyas#dhruvkumar.vyas113443@marwadiuniversity.ac.in
18#Abhishek sharma#abhishek.sharma113448@marwadiuniversity.ac.in
20#Shashank Bagada#shashank.bagda113475@marwadiuniversity.ac.in
21#Jatan Sanghvi#jatan.sanghvi113640@marwadiuniversity.ac.in
23#Vedant Bharad#vedant.bharad113666@marwadiuniversity.ac.in
24#Hashit Kodnani#harshit.kodnani113694@marwadiuniversity.ac.in
25#Nsomp Mbav Consolate#sompmbavconsulate.113708@marwadiuniversity.ac.in
26#Vraj Pithwa#vrajkumar.pithwa112918@marwadiuniversity.ac.in
27#Malhar Manvar#malhar.manvar113732@marwadiuniversity.ac.in
28#Arjun Ankola#arjun.ankola113733@marwadiuniversity.ac.in
29#Meet Kalathiya#meet.kalathiya113821@marwadiuniversity.ac.in
30#Yagnik Godhani#yagnik.godhani113967@marwadiuniversity.ac.in
31#Kushal Munjal#kushal.munjal114005@marwadiuniversity.ac.in
33#Lighton Kamanga#lightonkamanga.114040@marwadiuniversity.ac.in
34#Jackson Mwaluko#jacksonpetermwaluko.114058@marwadiuniversity.ac.in
35#Abraham Ator#abrahamatormamerator.114060@marwadiuniversity.ac.in
36#Mansiba Gohil#mansiba.gohil114292@marwadiuniversity.ac.in
37#Mihir Rupapara#mihir.rupapara114319@marwadiuniversity.ac.in
38#Athian Akot Deng#athianakot.madut114324@marwadiuniversity.ac.in
39#Keval Behra#keval.behera114330@marwadiuniversity.ac.in
40#Priyank Viradiya#priyankkumar.viradiya114407@marwadiuniversity.ac.in
41#Yupin Bhesdadiya#yupin.bhensdadiya114421@marwadiuniversity.ac.in
42#Parth Trivedi#parth.trivedi114424@marwadiuniversity.ac.in
43#Heet Chothani#heet.chothani114425@marwadiuniversity.ac.in
44#Yuvraj Thoriya#yuvraj.thoriya114430@marwadiuniversity.ac.in
45#Jatin Sojitra#jatin.sojitra114454@marwadiuniversity.ac.in
47#Alfred Duku Joseph#alfredduku.joseph114463@marwadiuniversity.ac.in
48#Rushirajsinh Zala#rushirajsinh.zala114476@marwadiuniversity.ac.in
49#Deep Manani#deep.manani114502@marwadiuniversity.ac.in
50#Yenish Radadiya#yenish.radadiya114505@marwadiuniversity.ac.in
51#Dhara koriya#dhara.koriya114514@marwadiuniversity.ac.in
52#Hasti Hajipara#hasti.hajipara114541@marwadiuniversity.ac.in
53#Namra Ravani#namra.ravani114581@marwadiuniversity.ac.in
54#Vishal Nakum#vishal.nakum114594@marwadiuniversity.ac.in
55#Prashant Nakum#prashant.nakum114596@marwadiuniversity.ac.in
56#yash vara#yash.vara114601@marwadiuniversity.ac.in
57#Darshan Mayani#darshan.mayani114606@marwadiuniversity.ac.in
58#Dharmi Javiya#dharmi.javiya114609@marwadiuniversity.ac.in
59#Devan Bhesdadiya#devan.bhensdadiya114617@marwadiuniversity.ac.in
60#Arjun Kukadiya#arjun.kukadiya114621@marwadiuniversity.ac.in
61#Nidhi Dhinoja#nidhi.dhinoja114626@marwadiuniversity.ac.in
62#Darshit Parmar#darshit.parmar114638@marwadiuniversity.ac.in
63#Rutik Parmar#rutik.parmar114639@marwadiuniversity.ac.in
64#Khushi Pandya#khushi.pandya114643@marwadiuniversity.ac.in
65#Darshan Padia#darshan.padia114646@marwadiuniversity.ac.in
66#Arpit Agrawat#arpit.agravat114670@marwadiuniversity.ac.in
67#Dhruvi Kothari#dhruvi.kothari114673@marwadiuniversity.ac.in
68#Vartka Vachhani#vartika.vachhani114680@marwadiuniversity.ac.in
69#Amee Vaghela#amee.vaghela114681@marwadiuniversity.ac.in
70#Bhakti Sukhadiya#bhakti.sukhadiya114696@marwadiuniversity.ac.in
71#Venisha Parmar#venisha.parmar114699@marwadiuniversity.ac.in
72#Deep Bhalsod#deep.bhalsod114701@marwadiuniversity.ac.in
73#Divyarajsinh Chudasama#divyarajsingh.chudasama114716@marwadiuniversity.ac.in
74#Jeel Butani#jeelkumar.butani114722@marwadiuniversity.ac.in
75#Hiren Matthar#hiren.matthar114750@marwadiuniversity.ac.in
77#Vasu Khanapara#vasu.khanpara114760@marwadiuniversity.ac.in
78#Mustafa Bharmal#mustafa.bharmal114768@marwadiuniversity.ac.in
80#Samir Jivani#samir.jivani114915@marwadiuniversity.ac.in
81#Aryavardhan Sharma#aryavardhan.sharma114927@marwadiuniversity.ac.in
82#Dev Mehta#dev.mehta114941@marwadiuniversity.ac.in
83#Varun Umraliya#varun.umaraliya115050@marwadiuniversity.ac.in
85#Shaifan Shaikh#shaifan.shaikh115097@marwadiuniversity.ac.in
86#Niva Rathod#nivarathod.115114@marwadiuniversity.ac.in
88#Yash Tilala#yash.tilala115203@marwadiuniversity.ac.in